[{"stackHeaders":{"api_key":"bltd5108a60cd620ec1","authorization":"cs0cd65ac854fbcdd3b45b022e"},"urlPath":"/assets/bltda1c51badc8eff82","uid":"bltda1c51badc8eff82","content_type":"image/svg+xml","file_size":"1849","tags":[],"filename":"Icon_Artwork_2.svg","url":"https://images.contentstack.io/v3/assets/bltd5108a60cd620ec1/bltda1c51badc8eff82/602633c811761e42b185d5f8/Icon_Artwork_2.svg","ACL":{},"is_dir":false,"parent_uid":"blt8d564f31a6865f94","_version":1,"title":"Icon_Artwork_2.svg","publish_details":[{"environment":"blt3dfe0ed2ddf5fb14","locale":"en-us","time":"2021-02-12T07:54:17.672Z","user":"blt161e02c9fffa78f6","version":1},{"environment":"blt6f4046f0d8dea679","locale":"en-us","time":"2021-02-12T07:54:17.682Z","user":"blt161e02c9fffa78f6","version":1}]}]