[{"stackHeaders":{"api_key":"bltd5108a60cd620ec1","authorization":"cs0cd65ac854fbcdd3b45b022e"},"urlPath":"/assets/blt63f5a02088da128f","uid":"blt63f5a02088da128f","content_type":"image/svg+xml","file_size":"55212","tags":[],"filename":"alden-cantrell.svg","url":"https://images.contentstack.io/v3/assets/bltd5108a60cd620ec1/blt63f5a02088da128f/6041e05df9638443346d500c/alden-cantrell.svg","ACL":{},"is_dir":false,"parent_uid":"blt8d564f31a6865f94","_version":1,"title":"alden-cantrell.svg","publish_details":[{"environment":"blt3dfe0ed2ddf5fb14","locale":"en-us","time":"2021-03-05T07:43:56.878Z","user":"bltd5d70bb484fce3ae","version":1},{"environment":"blt6f4046f0d8dea679","locale":"en-us","time":"2021-03-05T07:43:56.885Z","user":"bltd5d70bb484fce3ae","version":1}]}]