[{"stackHeaders":{"api_key":"bltd5108a60cd620ec1","authorization":"cs0cd65ac854fbcdd3b45b022e"},"urlPath":"/assets/blt7516c2cd248ba685","uid":"blt7516c2cd248ba685","content_type":"image/jpeg","file_size":"12668","tags":[],"filename":"Jane_Austen_Headshot.jpg","url":"https://images.contentstack.io/v3/assets/bltd5108a60cd620ec1/blt7516c2cd248ba685/602239bb80b6ce3c818dbf76/Jane_Austen_Headshot.jpg","ACL":{},"is_dir":false,"parent_uid":"bltb694a1c53fb70657","_version":1,"title":"Jane_Austen_Headshot.jpg","publish_details":[{"environment":"blt3dfe0ed2ddf5fb14","locale":"en-us","time":"2021-03-05T09:11:35.875Z","user":"bltf01cfddcefa2394d","version":2},{"environment":"blt6f4046f0d8dea679","locale":"en-us","time":"2021-03-05T09:11:35.875Z","user":"bltf01cfddcefa2394d","version":2}]},{"stackHeaders":{"api_key":"bltd5108a60cd620ec1","authorization":"cs0cd65ac854fbcdd3b45b022e"},"urlPath":"/assets/blt7516c2cd248ba685","uid":"blt7516c2cd248ba685","content_type":"image/jpeg","file_size":"12668","tags":[],"filename":"Jane_Austen_Headshot.jpg","url":"https://images.contentstack.io/v3/assets/bltd5108a60cd620ec1/blt7516c2cd248ba685/602239bb80b6ce3c818dbf76/Jane_Austen_Headshot.jpg","ACL":{},"is_dir":false,"parent_uid":"bltb694a1c53fb70657","_version":2,"title":"Jane Austen","description":"","publish_details":[{"environment":"blt3dfe0ed2ddf5fb14","locale":"en-us","time":"2021-03-05T09:11:35.875Z","user":"bltf01cfddcefa2394d","version":2},{"environment":"blt6f4046f0d8dea679","locale":"en-us","time":"2021-03-05T09:11:35.875Z","user":"bltf01cfddcefa2394d","version":2}]}]