{"blt96da7d7d0677cdb9":{"title":"Company Name","logo":{"uid":"blt560e8a41fa9d382e","created_at":"2021-02-09T13:12:20.153Z","updated_at":"2021-03-05T09:03:55.427Z","created_by":"blt161e02c9fffa78f6","updated_by":"bltf01cfddcefa2394d","content_type":"image/svg+xml","file_size":"11085","tags":[],"filename":"company-logo.svg","url":"https://images.contentstack.io/v3/assets/bltd5108a60cd620ec1/blt560e8a41fa9d382e/6041f3ec5aedc043351b5d59/company-logo.svg","ACL":[],"is_dir":false,"parent_uid":"bltb3bdb661fd4b1cc7","_version":3,"title":"Company Logo","description":"","publish_details":[{"environment":"blt3dfe0ed2ddf5fb14","locale":"en-us","time":"2021-03-05T09:04:03.963Z","user":"bltf01cfddcefa2394d","version":3},{"environment":"blt6f4046f0d8dea679","locale":"en-us","time":"2021-03-05T09:04:03.963Z","user":"bltf01cfddcefa2394d","version":3},{"environment":"blt3dfe0ed2ddf5fb14","locale":"fr-fr","time":"2021-02-11T06:40:27.082Z","user":"blt3167f0a16386ed8e","version":1},{"environment":"blt6f4046f0d8dea679","locale":"fr-fr","time":"2021-02-11T06:40:27.088Z","user":"blt3167f0a16386ed8e","version":1}]},"tags":[],"locale":"en-us","ACL":{},"_in_progress":false,"navigation_menu":[{"label":"Home","_metadata":{"uid":"cs69550988926e85d9"},"page_reference":[{"uid":"bltebf5f71cedf5f211","_content_type_uid":"page"}]},{"label":"About Us","_metadata":{"uid":"cscf5318e5388812b4"},"page_reference":[{"uid":"blt37afcfd0b4c3a621","_content_type_uid":"page"}]},{"label":"Blog","_metadata":{"uid":"cs32274bbf10a21bec"},"page_reference":[{"uid":"blt3ba6bbb6441e5615","_content_type_uid":"page"}]},{"label":"Contact Us","_metadata":{"uid":"cs46f9812a50d8309c"},"page_reference":[{"uid":"bltce4b9282306621cc","_content_type_uid":"page"}]}],"uid":"blt96da7d7d0677cdb9","_version":22,"notification_bar":{"announcement_text":"<p>To Our Community: Please read this important update.</p>","show_announcement":true},"publish_details":[{"environment":"blt3dfe0ed2ddf5fb14","locale":"en-us","time":"2021-03-05T13:20:20.324Z","user":"bltf01cfddcefa2394d","version":22},{"environment":"blt6f4046f0d8dea679","locale":"en-us","time":"2021-03-05T13:20:20.324Z","user":"bltf01cfddcefa2394d","version":22},{"environment":"blt3dfe0ed2ddf5fb14","locale":"fr-fr","time":"2021-02-11T06:40:27.111Z","user":"blt3167f0a16386ed8e","version":4},{"environment":"blt6f4046f0d8dea679","locale":"fr-fr","time":"2021-02-11T06:40:27.111Z","user":"blt3167f0a16386ed8e","version":4}]}}