{"blt6f4046f0d8dea679":{"stackHeaders":{"api_key":"bltd5108a60cd620ec1","authorization":"cs0cd65ac854fbcdd3b45b022e"},"urlPath":"/environments/production","deploy_content":false,"servers":[],"urls":[{"url":"","locale":"en-us"}],"name":"production","_version":2,"created_by":"blt3167f0a16386ed8e","updated_by":"blt3167f0a16386ed8e","created_at":"2021-02-09T07:28:06.633Z","updated_at":"2021-02-09T07:28:06.633Z"},"blt3dfe0ed2ddf5fb14":{"stackHeaders":{"api_key":"bltd5108a60cd620ec1","authorization":"cs0cd65ac854fbcdd3b45b022e"},"urlPath":"/environments/development","deploy_content":false,"servers":[],"urls":[{"url":"","locale":"en-us"}],"name":"development","_version":1,"created_by":"blt3167f0a16386ed8e","updated_by":"blt3167f0a16386ed8e","created_at":"2021-02-09T07:28:06.658Z","updated_at":"2021-02-09T07:28:06.658Z"}}