[{"stackHeaders":{"api_key":"bltd5108a60cd620ec1","authorization":"cs0cd65ac854fbcdd3b45b022e"},"urlPath":"/assets/blt7d90bf97ed82d585","uid":"blt7d90bf97ed82d585","content_type":"image/svg+xml","file_size":"26826","tags":[],"filename":"Images(1)_(1).svg","url":"https://images.contentstack.io/v3/assets/bltd5108a60cd620ec1/blt7d90bf97ed82d585/6024f1e252af9c14d90591c9/Images(1)_(1).svg","ACL":{},"is_dir":false,"parent_uid":"bltae711ace911ffd90","_version":1,"title":"Images(1)_(1).svg","publish_details":[{"environment":"blt3dfe0ed2ddf5fb14","locale":"en-us","time":"2021-03-05T07:16:06.802Z","user":"bltf01cfddcefa2394d","version":3},{"environment":"blt6f4046f0d8dea679","locale":"en-us","time":"2021-03-05T07:16:06.802Z","user":"bltf01cfddcefa2394d","version":3}]},{"stackHeaders":{"api_key":"bltd5108a60cd620ec1","authorization":"cs0cd65ac854fbcdd3b45b022e"},"urlPath":"/assets/blt7d90bf97ed82d585","uid":"blt7d90bf97ed82d585","content_type":"image/svg+xml","file_size":"26826","tags":[],"filename":"business-with-al.svg","url":"https://images.contentstack.io/v3/assets/bltd5108a60cd620ec1/blt7d90bf97ed82d585/6041d818f9638443346d4fd4/business-with-al.svg","ACL":{},"is_dir":false,"parent_uid":"bltae711ace911ffd90","_version":2,"title":"Images(1)_(1).svg","description":"","publish_details":[{"environment":"blt3dfe0ed2ddf5fb14","locale":"en-us","time":"2021-03-05T07:16:06.802Z","user":"bltf01cfddcefa2394d","version":3},{"environment":"blt6f4046f0d8dea679","locale":"en-us","time":"2021-03-05T07:16:06.802Z","user":"bltf01cfddcefa2394d","version":3}]},{"stackHeaders":{"api_key":"bltd5108a60cd620ec1","authorization":"cs0cd65ac854fbcdd3b45b022e"},"urlPath":"/assets/blt7d90bf97ed82d585","uid":"blt7d90bf97ed82d585","content_type":"image/svg+xml","file_size":"26826","tags":[],"filename":"business-with-al.svg","url":"https://images.contentstack.io/v3/assets/bltd5108a60cd620ec1/blt7d90bf97ed82d585/6041d818f9638443346d4fd4/business-with-al.svg","ACL":{},"is_dir":false,"parent_uid":"bltae711ace911ffd90","_version":3,"title":"Business With Al","description":"","publish_details":[{"environment":"blt3dfe0ed2ddf5fb14","locale":"en-us","time":"2021-03-05T07:16:06.802Z","user":"bltf01cfddcefa2394d","version":3},{"environment":"blt6f4046f0d8dea679","locale":"en-us","time":"2021-03-05T07:16:06.802Z","user":"bltf01cfddcefa2394d","version":3}]}]