[{"stackHeaders":{"api_key":"bltd5108a60cd620ec1","authorization":"cs0cd65ac854fbcdd3b45b022e"},"urlPath":"/assets/blt6e022c2f716de053","uid":"blt6e022c2f716de053","content_type":"image/jpeg","file_size":"26414","tags":[],"filename":"W._E._B._Du_Bois_Headshot.jpg","url":"https://images.contentstack.io/v3/assets/bltd5108a60cd620ec1/blt6e022c2f716de053/602239b52bea440c55e7817c/W._E._B._Du_Bois_Headshot.jpg","ACL":{},"is_dir":false,"parent_uid":"bltb694a1c53fb70657","_version":1,"title":"W._E._B._Du_Bois_Headshot.jpg","publish_details":[{"environment":"blt3dfe0ed2ddf5fb14","locale":"en-us","time":"2021-03-05T09:09:31.465Z","user":"bltf01cfddcefa2394d","version":2},{"environment":"blt6f4046f0d8dea679","locale":"en-us","time":"2021-03-05T09:09:31.465Z","user":"bltf01cfddcefa2394d","version":2}]},{"stackHeaders":{"api_key":"bltd5108a60cd620ec1","authorization":"cs0cd65ac854fbcdd3b45b022e"},"urlPath":"/assets/blt6e022c2f716de053","uid":"blt6e022c2f716de053","content_type":"image/jpeg","file_size":"26414","tags":[],"filename":"W._E._B._Du_Bois_Headshot.jpg","url":"https://images.contentstack.io/v3/assets/bltd5108a60cd620ec1/blt6e022c2f716de053/602239b52bea440c55e7817c/W._E._B._Du_Bois_Headshot.jpg","ACL":{},"is_dir":false,"parent_uid":"bltb694a1c53fb70657","_version":2,"title":"W.E. B. Du Bois","description":"","publish_details":[{"environment":"blt3dfe0ed2ddf5fb14","locale":"en-us","time":"2021-03-05T09:09:31.465Z","user":"bltf01cfddcefa2394d","version":2},{"environment":"blt6f4046f0d8dea679","locale":"en-us","time":"2021-03-05T09:09:31.465Z","user":"bltf01cfddcefa2394d","version":2}]}]