[{"stackHeaders":{"api_key":"bltd5108a60cd620ec1","authorization":"cs0cd65ac854fbcdd3b45b022e"},"urlPath":"/assets/blt7822722c7fd7f967","uid":"blt7822722c7fd7f967","content_type":"image/svg+xml","file_size":"54029","tags":[],"filename":"Image.svg","url":"https://images.contentstack.io/v3/assets/bltd5108a60cd620ec1/blt7822722c7fd7f967/6024ecea61513a1aa74764b5/Image.svg","ACL":{},"is_dir":false,"parent_uid":"blt5c54c0ec56cedfde","_version":1,"title":"Image.svg","publish_details":[{"environment":"blt3dfe0ed2ddf5fb14","locale":"en-us","time":"2021-03-05T09:18:09.818Z","user":"bltf01cfddcefa2394d","version":3},{"environment":"blt6f4046f0d8dea679","locale":"en-us","time":"2021-03-05T09:18:09.818Z","user":"bltf01cfddcefa2394d","version":3}]},{"stackHeaders":{"api_key":"bltd5108a60cd620ec1","authorization":"cs0cd65ac854fbcdd3b45b022e"},"urlPath":"/assets/blt7822722c7fd7f967","uid":"blt7822722c7fd7f967","content_type":"image/svg+xml","file_size":"54029","tags":[],"filename":"winning-digital-strategy.svg","url":"https://images.contentstack.io/v3/assets/bltd5108a60cd620ec1/blt7822722c7fd7f967/6041f72cfa12da5a616574eb/winning-digital-strategy.svg","ACL":{},"is_dir":false,"parent_uid":"blt5c54c0ec56cedfde","_version":2,"title":"Image.svg","description":"","publish_details":[{"environment":"blt3dfe0ed2ddf5fb14","locale":"en-us","time":"2021-03-05T09:18:09.818Z","user":"bltf01cfddcefa2394d","version":3},{"environment":"blt6f4046f0d8dea679","locale":"en-us","time":"2021-03-05T09:18:09.818Z","user":"bltf01cfddcefa2394d","version":3}]},{"stackHeaders":{"api_key":"bltd5108a60cd620ec1","authorization":"cs0cd65ac854fbcdd3b45b022e"},"urlPath":"/assets/blt7822722c7fd7f967","uid":"blt7822722c7fd7f967","content_type":"image/svg+xml","file_size":"54029","tags":[],"filename":"winning-digital-strategy.svg","url":"https://images.contentstack.io/v3/assets/bltd5108a60cd620ec1/blt7822722c7fd7f967/6041f72cfa12da5a616574eb/winning-digital-strategy.svg","ACL":{},"is_dir":false,"parent_uid":"blt5c54c0ec56cedfde","_version":3,"title":"Winning Digital Strategy","description":"","publish_details":[{"environment":"blt3dfe0ed2ddf5fb14","locale":"en-us","time":"2021-03-05T09:18:09.818Z","user":"bltf01cfddcefa2394d","version":3},{"environment":"blt6f4046f0d8dea679","locale":"en-us","time":"2021-03-05T09:18:09.818Z","user":"bltf01cfddcefa2394d","version":3}]}]