[{"stackHeaders":{"api_key":"bltd5108a60cd620ec1","authorization":"cs0cd65ac854fbcdd3b45b022e"},"urlPath":"/assets/blt6d1c5eef704fe89f","uid":"blt6d1c5eef704fe89f","content_type":"image/svg+xml","file_size":"125471","tags":[],"filename":"about-us.svg","url":"https://images.contentstack.io/v3/assets/bltd5108a60cd620ec1/blt6d1c5eef704fe89f/6041e0acfa12da5a6165749b/about-us.svg","ACL":{},"is_dir":false,"parent_uid":"blt8d564f31a6865f94","_version":1,"title":"about-us.svg","publish_details":[{"environment":"blt3dfe0ed2ddf5fb14","locale":"en-us","time":"2021-03-05T07:43:56.832Z","user":"bltd5d70bb484fce3ae","version":1},{"environment":"blt6f4046f0d8dea679","locale":"en-us","time":"2021-03-05T07:43:56.840Z","user":"bltd5d70bb484fce3ae","version":1}]}]