[{"stackHeaders":{"api_key":"bltd5108a60cd620ec1","authorization":"cs0cd65ac854fbcdd3b45b022e"},"urlPath":"/assets/blt346873a63bb74036","uid":"blt346873a63bb74036","content_type":"image/jpeg","file_size":"8494","tags":[],"filename":"AlbertEinstein.jpeg","url":"https://images.contentstack.io/v3/assets/bltd5108a60cd620ec1/blt346873a63bb74036/602239b8a100f639dc164b57/AlbertEinstein.jpeg","ACL":{},"is_dir":false,"parent_uid":"bltb694a1c53fb70657","_version":1,"title":"AlbertEinstein.jpeg","publish_details":[{"environment":"blt3dfe0ed2ddf5fb14","locale":"en-us","time":"2021-02-09T07:28:57.874Z","user":"blt3167f0a16386ed8e","version":1},{"environment":"blt6f4046f0d8dea679","locale":"en-us","time":"2021-02-09T07:28:57.874Z","user":"blt3167f0a16386ed8e","version":1}]}]