[{"stackHeaders":{"api_key":"bltd5108a60cd620ec1","authorization":"cs0cd65ac854fbcdd3b45b022e"},"urlPath":"/assets/bltef243c1cb468ec45","uid":"bltef243c1cb468ec45","content_type":"image/svg+xml","file_size":"1053","tags":[],"filename":"bucket3.svg","url":"https://images.contentstack.io/v3/assets/bltd5108a60cd620ec1/bltef243c1cb468ec45/602633e26ed27479d23ca484/bucket3.svg","ACL":{},"is_dir":false,"parent_uid":"blt5c54c0ec56cedfde","_version":1,"title":"bucket3.svg","publish_details":[{"environment":"blt3dfe0ed2ddf5fb14","locale":"en-us","time":"2021-03-05T09:22:24.274Z","user":"bltf01cfddcefa2394d","version":2},{"environment":"blt6f4046f0d8dea679","locale":"en-us","time":"2021-03-05T09:22:24.275Z","user":"bltf01cfddcefa2394d","version":2}]},{"stackHeaders":{"api_key":"bltd5108a60cd620ec1","authorization":"cs0cd65ac854fbcdd3b45b022e"},"urlPath":"/assets/bltef243c1cb468ec45","uid":"bltef243c1cb468ec45","content_type":"image/svg+xml","file_size":"1053","tags":[],"filename":"security.svg","url":"https://images.contentstack.io/v3/assets/bltd5108a60cd620ec1/bltef243c1cb468ec45/6041f84afef76d094c701db8/security.svg","ACL":{},"is_dir":false,"parent_uid":"blt5c54c0ec56cedfde","_version":2,"title":"Security","description":"","publish_details":[{"environment":"blt3dfe0ed2ddf5fb14","locale":"en-us","time":"2021-03-05T09:22:24.274Z","user":"bltf01cfddcefa2394d","version":2},{"environment":"blt6f4046f0d8dea679","locale":"en-us","time":"2021-03-05T09:22:24.275Z","user":"bltf01cfddcefa2394d","version":2}]}]