[{"stackHeaders":{"api_key":"bltd5108a60cd620ec1","authorization":"cs0cd65ac854fbcdd3b45b022e"},"urlPath":"/assets/blt2895af1d1027806b","uid":"blt2895af1d1027806b","content_type":"image/svg+xml","file_size":"49454","tags":[],"filename":"help-for-the-next-step.svg","url":"https://images.contentstack.io/v3/assets/bltd5108a60cd620ec1/blt2895af1d1027806b/60421b371a42e25ce54e7a28/help-for-the-next-step.svg","ACL":{},"is_dir":false,"parent_uid":"blt5c54c0ec56cedfde","_version":1,"title":"help-for-the-next-step.svg","publish_details":[{"environment":"blt3dfe0ed2ddf5fb14","locale":"en-us","time":"2021-03-08T07:49:42.349Z","user":"bltf01cfddcefa2394d","version":1},{"environment":"blt6f4046f0d8dea679","locale":"en-us","time":"2021-03-08T07:49:42.349Z","user":"bltf01cfddcefa2394d","version":1}]}]