[{"stackHeaders":{"api_key":"bltd5108a60cd620ec1","authorization":"cs0cd65ac854fbcdd3b45b022e"},"urlPath":"/assets/blta26f821fe4231b8b","uid":"blta26f821fe4231b8b","content_type":"image/svg+xml","file_size":"1053","tags":[],"filename":"bucket3.svg","url":"https://images.contentstack.io/v3/assets/bltd5108a60cd620ec1/blta26f821fe4231b8b/60263000c5cb9e7774e07193/bucket3.svg","ACL":{},"is_dir":false,"parent_uid":"bltec4c6535e1052248","_version":1,"title":"bucket3.svg","publish_details":[{"environment":"blt3dfe0ed2ddf5fb14","locale":"en-us","time":"2021-02-12T07:38:30.748Z","user":"bltf01cfddcefa2394d","version":1},{"environment":"blt6f4046f0d8dea679","locale":"en-us","time":"2021-02-12T07:38:30.756Z","user":"bltf01cfddcefa2394d","version":1}]}]