[{"stackHeaders":{"api_key":"bltd5108a60cd620ec1","authorization":"cs0cd65ac854fbcdd3b45b022e"},"urlPath":"/assets/blt377b2541028bdb81","uid":"blt377b2541028bdb81","content_type":"image/svg+xml","file_size":"53205","tags":[],"filename":"Image(1)_(2).svg","url":"https://images.contentstack.io/v3/assets/bltd5108a60cd620ec1/blt377b2541028bdb81/6024eda361513a1aa74764bb/Image(1)_(2).svg","ACL":{},"is_dir":false,"parent_uid":"bltae711ace911ffd90","_version":1,"title":"Image(1)_(2).svg","publish_details":[{"environment":"blt3dfe0ed2ddf5fb14","locale":"en-us","time":"2021-03-05T07:16:06.784Z","user":"bltf01cfddcefa2394d","version":4},{"environment":"blt6f4046f0d8dea679","locale":"en-us","time":"2021-03-05T07:16:06.784Z","user":"bltf01cfddcefa2394d","version":4}]},{"stackHeaders":{"api_key":"bltd5108a60cd620ec1","authorization":"cs0cd65ac854fbcdd3b45b022e"},"urlPath":"/assets/blt377b2541028bdb81","uid":"blt377b2541028bdb81","content_type":"image/svg+xml","file_size":"53205","tags":[],"filename":"headless-cms-solution.svg","url":"https://images.contentstack.io/v3/assets/bltd5108a60cd620ec1/blt377b2541028bdb81/6041d88dacf0d53d70c5c01f/headless-cms-solution.svg","ACL":{},"is_dir":false,"parent_uid":"bltae711ace911ffd90","_version":2,"title":"Image(1)_(2).svg","description":"","publish_details":[{"environment":"blt3dfe0ed2ddf5fb14","locale":"en-us","time":"2021-03-05T07:16:06.784Z","user":"bltf01cfddcefa2394d","version":4},{"environment":"blt6f4046f0d8dea679","locale":"en-us","time":"2021-03-05T07:16:06.784Z","user":"bltf01cfddcefa2394d","version":4}]},{"stackHeaders":{"api_key":"bltd5108a60cd620ec1","authorization":"cs0cd65ac854fbcdd3b45b022e"},"urlPath":"/assets/blt377b2541028bdb81","uid":"blt377b2541028bdb81","content_type":"image/svg+xml","file_size":"53205","tags":[],"filename":"headless-cms-solution.svg","url":"https://images.contentstack.io/v3/assets/bltd5108a60cd620ec1/blt377b2541028bdb81/6041d88dacf0d53d70c5c01f/headless-cms-solution.svg","ACL":{},"is_dir":false,"parent_uid":"bltae711ace911ffd90","_version":3,"title":"headless-cms-solution","description":"","publish_details":[{"environment":"blt3dfe0ed2ddf5fb14","locale":"en-us","time":"2021-03-05T07:16:06.784Z","user":"bltf01cfddcefa2394d","version":4},{"environment":"blt6f4046f0d8dea679","locale":"en-us","time":"2021-03-05T07:16:06.784Z","user":"bltf01cfddcefa2394d","version":4}]},{"stackHeaders":{"api_key":"bltd5108a60cd620ec1","authorization":"cs0cd65ac854fbcdd3b45b022e"},"urlPath":"/assets/blt377b2541028bdb81","uid":"blt377b2541028bdb81","content_type":"image/svg+xml","file_size":"53205","tags":[],"filename":"headless-cms-solution.svg","url":"https://images.contentstack.io/v3/assets/bltd5108a60cd620ec1/blt377b2541028bdb81/6041d88dacf0d53d70c5c01f/headless-cms-solution.svg","ACL":{},"is_dir":false,"parent_uid":"bltae711ace911ffd90","_version":4,"title":"Headless CMS Solution","description":"","publish_details":[{"environment":"blt3dfe0ed2ddf5fb14","locale":"en-us","time":"2021-03-05T07:16:06.784Z","user":"bltf01cfddcefa2394d","version":4},{"environment":"blt6f4046f0d8dea679","locale":"en-us","time":"2021-03-05T07:16:06.784Z","user":"bltf01cfddcefa2394d","version":4}]}]