[{"stackHeaders":{"api_key":"bltd5108a60cd620ec1","authorization":"cs0cd65ac854fbcdd3b45b022e"},"urlPath":"/assets/blt92b58c31fd229439","uid":"blt92b58c31fd229439","content_type":"image/svg+xml","file_size":"154333","tags":[],"filename":"Image_(1).svg","url":"https://images.contentstack.io/v3/assets/bltd5108a60cd620ec1/blt92b58c31fd229439/6024ed4ff13a6d4c0c2584f0/Image_(1).svg","ACL":{},"is_dir":false,"parent_uid":"blt8d564f31a6865f94","_version":1,"title":"Image_(1).svg","publish_details":[{"environment":"blt3dfe0ed2ddf5fb14","locale":"en-us","time":"2021-03-05T07:43:56.863Z","user":"bltd5d70bb484fce3ae","version":2},{"environment":"blt6f4046f0d8dea679","locale":"en-us","time":"2021-03-05T07:43:56.870Z","user":"bltd5d70bb484fce3ae","version":2}]},{"stackHeaders":{"api_key":"bltd5108a60cd620ec1","authorization":"cs0cd65ac854fbcdd3b45b022e"},"urlPath":"/assets/blt92b58c31fd229439","uid":"blt92b58c31fd229439","content_type":"image/svg+xml","file_size":"154333","tags":[],"filename":"cierra-vega.svg","url":"https://images.contentstack.io/v3/assets/bltd5108a60cd620ec1/blt92b58c31fd229439/6041db1a08636f3d7749b463/cierra-vega.svg","ACL":{},"is_dir":false,"parent_uid":"blt8d564f31a6865f94","_version":2,"title":"Cierra Vega","description":"","publish_details":[{"environment":"blt3dfe0ed2ddf5fb14","locale":"en-us","time":"2021-03-05T07:43:56.863Z","user":"bltd5d70bb484fce3ae","version":2},{"environment":"blt6f4046f0d8dea679","locale":"en-us","time":"2021-03-05T07:43:56.870Z","user":"bltd5d70bb484fce3ae","version":2}]}]