[{"stackHeaders":{"api_key":"bltd5108a60cd620ec1","authorization":"cs0cd65ac854fbcdd3b45b022e"},"urlPath":"/assets/blt7bb647fd4e495e99","uid":"blt7bb647fd4e495e99","content_type":"image/svg+xml","file_size":"1436","tags":[],"filename":"Twitter.svg","url":"https://images.contentstack.io/v3/assets/bltd5108a60cd620ec1/blt7bb647fd4e495e99/6026a2e7befc761ffff9c14e/Twitter.svg","ACL":{},"is_dir":false,"parent_uid":"bltec4c6535e1052248","_version":1,"title":"Twitter.svg","publish_details":[{"environment":"blt3dfe0ed2ddf5fb14","locale":"en-us","time":"2021-02-12T15:51:35.636Z","user":"bltf01cfddcefa2394d","version":1},{"environment":"blt6f4046f0d8dea679","locale":"en-us","time":"2021-02-12T15:51:35.645Z","user":"bltf01cfddcefa2394d","version":1}]}]